iter	RMSE
0	44895.70741
1	43462.11385
2	42172.29697
3	41008.99504
4	39982.5638
5	39021.47575
6	38146.48702
7	37352.05349
8	36668.56129
9	36063.42247
10	35514.02444111	34995.29363112	34530.3041913	34105.33103
14	33733.22392
15	33415.19966
16	33128.47125
17	32884.69459
18	32654.39441
19	32454.66069
20	32265.17252
21	32113.80494
22	31976.00211
23	31843.50985
24	31720.87945
25	31619.68976
26	31521.4949
27	31443.70015
28	31369.79742
29	31305.34331
30	31243.87078
31	31192.89074
32	31144.39162
33	31098.60923
34	31061.80321
35	31028.44597
36	30998.73778
37	30972.52776
38	30946.29734
39	30925.63971
40	30903.65924
41	30882.73437
42	30869.93534
43	30852.69038
44	30839.46373
45	30824.21479
46	30811.67344
47	30798.85644
48	30789.02883
49	30777.91924
50	30769.57689
51	30761.55267
52	30757.6225
53	30749.88416
54	30745.96391
55	30740.94944
56	30735.21305
57	30729.9651
58	30724.37721
59	30717.23028
60	30712.63541
61	30708.05172
62	30704.76827
63	30703.73046
64	30699.48428
65	30696.19465
66	30693.2424
67	30689.29596
68	30686.30143
69	30684.16566
70	30679.23212
71	30677.02349
72	30673.53114
73	30670.30268
74	30667.79897
75	30666.12157
76	30662.6235
77	30660.14684
78	30657.47793
79	30655.14065
80	30652.76317
81	30651.17477
82	30647.74782
83	30645.10877
84	30642.65999
85	30641.45303
86	30639.03042
87	30635.4022
88	30633.12497
89	30631.17569
90	30628.52981
91	30625.65945
92	30623.32712
93	30621.44906
94	30620.76885
95	30620.23564
96	30617.67357
97	30616.2829
98	30615.11628
99	30612.5501
100	30609.83104
101	30605.62825
102	30603.90879
103	30601.05283
104	30599.51036
105	30598.42192
106	30597.40784
107	30595.39601
108	30594.17462
109	30593.00057
110	30592.08761
111	30591.16991
112	30589.80132
113	30586.23231
114	30583.9916
115	30582.20961
116	30580.88571
117	30578.49156
118	30576.94946
119	30575.57067
120	30575.2532
121	30573.79678
122	30572.66232
123	30571.6944
124	30570.09425
125	30568.55124
126	30568.04417
127	30567.42552
128	30566.32253
129	30565.70052
130	30563.62076
131	30562.8793
132	30562.03497
133	30560.85623
134	30558.61399
135	30556.88099
136	30555.52804
137	30554.76296
138	30553.19361
139	30551.14757
140	30549.07397
141	30548.38818
142	30546.65428
143	30545.57696
144	30544.86025
145	30542.00561
146	30540.08167
147	30538.91611
148	30538.01848
149	30536.75518
150	30534.48372
151	30533.07478
152	30530.30023
153	30529.41428
154	30526.04322
155	30524.72799
156	30521.90384
157	30519.93309
158	30518.55892
159	30517.16073
160	30515.99305
161	30513.86237
162	30511.27368
163	30509.73451
164	30508.36458
165	30506.70494
166	3167	30685.0167	3168	30683.4168	3169	30682.3169	3170	30680.170	30171	30678.71745
172	30675.172	30173	30674.06885
174	30671.82979
175	30670.19367
176	30669.39208
177	30666.38504
178	30664.90597
179	30663.21623
180	30660.68001
181	30659.39357
182	30656182	304183	30656.00982
184	30654.20134
185	30652.73302
186	30651.59436
187	30649.58678
188	30648.51963
189	30646.86789
190	30645.83567
191	30644.58728
192	30642.53784
193	30641.18336
194	30639.11184
195	30638.63861
196	30637.88725
197	30637.45826
198	30635.05687
199	30633.27961
200	30632.59355
201	30632.19842
202	30629.82069
203	30628.95587
204	30627.05111
205	30625.79129
206	30624.67777
207	30623.46232
208	30622.09354
209	30620.19483
210	30619.30479
211	30618.70441
212	30617.74351
213	30616.79986
214	30615.20941
215	30613.2814
216	30611.71065
217	30611.35946
218	30610.31019
219	30607.94845
220	306220	30415221	30605.59315
222	306222	30413.18774
223	30411.13961
224	30408.41593
225	30406.81728
226	30404.86333
227	30404.07782
228	30402.05802
229	30400.49087
230	30399.38854
231	30397.98224
232	30396.0836
233	30394.62072
234	30393.80059
235	30391.19892
236	30389.14757
237	30386.56163
238	3038239	3058239	30383.32563
240	30381.93333
241	3038242	30579.34526
243	30578.49278
244	30576.35064
245	30575.53119
246	305246	3037247	3057247	3037248	3057248	3037249	3057249	3037250	305250	30370251	305251	30368.24887
252	30367253	305253	30365.83589
254	30365.26735
255	30363.68911
256	3036257	3055257	30361.614
258	30360.59139
259	30359.82765
260	30357.02472
261	30356.35745
262	30353.83064
263	30352.47497
264	30350.90835
265	30349.84862
266	30348.27622
267	30346.40817
268	30345.56703
269	30343.91473
270	30343.02451
271	30341.81998
272	30341.26797
273	30339.64211
274	30337.99802
275	30335.72085
276	30334.143
277	30331.42389
278	30329.279	30279	30326.95758
280	30325.40845
281	30323.57928
282	30322.22465
283	30321.59447
284	30321.15141
285	30319.60715
286	30318.16335
287	30316.8283
288	30315.2607
289	30313.6994
290	30312.44019
291	30310.91196
292	30309.42351
293	30308.49695
294	30307.73399
295	30307.14512
296	30305.66498
297	30305.1958
298	30303.38324
299	30301.38962
300	30300.67112
301	30300.12167
302	30298.28577
303	30297.00074
304	30295.97618
305	30295.48493
306	30294.14434
307	30293.26526
308	30292.48786
309	30291.31812
310	30289.2765
311	30287.87367
312	30287.32145
313	30285.84185
314	30283.95915
315	30282.19729
316	30280.89668
317	30279.67972
318	30278.78392
319	30277.365320320	30275.822321321	30275.4048
322	30274.743632323	30274.332332324	30273.101332325	30272.30647
326	30271.91354
327	30271.42357
328	30269.91291
329	30268.3938
330	30267.97026
331	30266.32978
332	30264.90232
333	30264.00727
334	30262.15486
335	30260.59115
336	30259.29804
337	30258.88956
338	30257.54929
339	30257.10196
340	30255.42812
341	3342	30469.342	30343	30469.343	30344	30469.344	30345	30467.345	30346	30467.346	30347	30465.93648
348	30465.348	30349	30463.349	30350	30462.350	30351	30462.351	30352	30460.352	30353	30460.35198
354	30458.82753
355	30457.97435
356	30456.82605
357	30455.6004
358	30455.15068
359	30453.72968
360	30452.27445
361	30450.81613
362	30449.33965
363	30448.1082
364	30447.02629
365	30446.3299
366	30444.88988
367	30443.3363
368	30442.64939
369	30440.6092
370	30438.97545
371	30437.38842
372	30436.28295
373	30434.78745
374	30434.25133
375	30433.09952
376	30432.45704
377	30431.84333
378	30430.12992
379	30429.01536
380	30428.4902
381	30426.7298
382	30425.35118
383	30424.31876
384	30422.83285
385	30421.16457
386	30419.90203
387	30418.56735
388	30418.23656
389	30416.75952
390	30415.91173
391	30415.8068
392	30414.05545
393	30413.25242
394	30412.54222
395	30411.57583
396	30411.25235
397	30409.41663
398	30408.39788
399	30408.13242
400	30406.62327
401	30405.788
402	30404.96924
403	30404.27287
404	30403.84626
405	30402.00633
406	30401.40292
407	30399.98321
408	30398.59053
409	30397.4034
410	30396.5188
411	30395.26761
412	30393.82586
413	30391.46534
414	30389.93112
415	30388.44323
416	30387.05489
417	30385.55844
418	30384.86281
419	30384.57295
420	30383.04734
421	30381.95619
422	30380.81405
423	30380.32022
424	30378.96378
425	30378.86632
426	30378.32551
427	30378.08316
428	30377.88635
429	30376.33763
430	30375.39402
431	30375.03641
432	30372.99046
433	30371.60736
434	30371.0589
435	30370.27123
436	30369.7429
437	30368.61038
438	30367.01515
439	30366.29179
440	30365.1344
441	30364.40176
442	30363.00023
443	30361.75698
444	30361.25647
445	30360.45813
446	30359.71484
447	30358.15016
448	30357.69014
449	30355.56355
450	30354.14327
451	30351.8657
452	30350.54588
453	30349.32908
454	30348.29588
455	30347.60665
456	30346.26922
457	30345.36273
458	30344.16434
459	30344.05633
460	30343.28561
461	30342.38034
462	30340.96421
463	30340.24256
464	30339.45193
465	30338.78935
466	30338.61218
467	30338.12312
468	30336.87559
469	30335.43623
470	30334.96436
471	30333.86651
472	30332.31771
473	30331.41976
474	30330.69169
475	30329.988
476	30329.88044
477	30329.50166
478	30328.38477
479	30327.87821
480	30326.64005
481	30325.64479
482	30325.16742
483	30324.24723
484	30323.05882
485	30321.78635
486	30321.06022
487	30320.81633
488	30319.20261
489	30318.0989
490	30317.31636
491	30317.02019
492	30315.81638
493	30315.162
494	30314.19116
495	30314.09149
496	30313.24697
497	30312.73466
498	30312.20552
499	30311.24179
500	30309.93642
501	30309.41885
502	30308.57203
503	30307.27733
504	30306.65992
505	30305.49559
506	30304.84409
507	30303.61149
508	30302.59429
509	30301.47924
510	30300.41237
511	30299.89497
512	30299.53557
513	30299.20423
514	30298.54178
515	30297.62901
516	30296.31735
517	30295.51565
518	30295.06098
519	30294.58672
520	30293.54086
521	30292.56684
522	30291.70419
523	30290.58702
524	30289.62837
525	30288.88544
526	30288.35574
527	30287.6445
528	30286.75854
529	30285.50242
530	30284.76177
531	30283.35606
532	30282.3861
533	30281.42399
534	30280.76838
535	30280.61279
536	30279.41762
537	30278.15605
538	30276.91727
539	30275.99656
540	30275.01897
541	30273.71917
542	30272.68036
543	30271.60401
544	30271.25132
545	30270.18861
546	30269.60291
547	30268.89002
548	30268.48187
549	30267.68248
550	30266.76005
551	30265.21958
552	30264.55785
553	30264.19393
554	30263.90985
555	30263.00169
556	30262.21689
557	30261.21025
558	30260.02763
559	30259.26263
560	30258.23374
561	30257.81357
562	30257.01656
563	30256.50567
564	30255.88708
565	30255.72237
566	30254.46582
567	30253.28506
568	30252.83741
569	30251.96863
570	30251.11116
571	30250.33958
572	30248.23631
573	30246.8282
574	30246.30408
575	30245.71845
576	30244.45856
577	30243.48613
578	30242.39751
579	30241.80697
580	30240.84801
581	30240.18871
582	30239.51871
583	30238.3766
584	30237.2245
585	30236.77115
586	30236.0686
587	30235.36111
588	30235.17144
589	30235.0447
590	30234.13412
591	30233.51497
592	30232.53979
593	30231.86485
594	30230.52395
595	30228.95264
596	30228.80667
597	30228.67648
598	30227.80364
599	30226.50982
600601	30183.236601602	30182.511602	30224.36179
603	30223.51498
60605	30180.141360606	30179.93327
607	30179.260460608	30178.487260609	30178.29806
610	30177.80464
611	30177.61308
612	30177.15318
613	30176.29561
614	30175.65446
615	30174.86701
616	30173.05876
617	30172.19977
618	30171.76769
619	30170.72463
620	30170.54107
621	30169.8651
622	30169.58622	623	30169.29623	624	30168.77624	625	30168.28216
626	30167.76314
627	30167.62627	30206.65784
628629	30166.679629630	30166.235630	30204.68073
631	30204.38815
632633	30164.33563634	30163.699363635	30163.02176
636	30162.75837
637	30161.45742
638	30160.24009
639	30159.53299
640	30159.02643
641	30158.88733
642	30158.77844
643	30158.18868
644	30157.76348
645	30157.62753
646	30157.19396
647	30156.4087
648	30155.66097
649	30155.50113
650	30154.51529
651	30153.77024
652	30153.3524
653	30152.29506
654	30151.71552
655	30151.00482
656	30149.68382
657	30149.52641
658	30148.70308
659	30147.57171
660	30146.96849
661	30145.20349
662	30144.03196
663	30143.88188
664	30142.87831
665	30142.20998
666	30141.38524
667	30140.912776668	30140.06841668	30180.21118
669	30179.53745
6671	30138.35532671	30178.02341
672	30176.42786
673	30176.32667
674	30175.08687
675	30174.11342
676	30173.78251
677	30172.74105
678	30171.35372
679	30170.66812
680	30169.89915
681	30169.03427
682	30168.68127
683	30168.17593
684	30166.82705
685	30165.48451
686	30164.87793
687	30164.10797
688	30163.48815
689	30163.17642
690	30162.34437
691	30161.55516
692	30160.98377
693	30160.65562
694	30159.80164
695	30159.09881
696	30159.0133
697	30158.6625
698	30157.61479
699	30157.15989
700	30156.52301
701	30156.2308
702	30156.15251
703	30155.91162
704	30155.78208
705	30155.73503
706	30155.38251
707	30154.79375
708	30154.05053
709	30153.00263
710	30152.84201
711	30152.30694
712	30151.55722
713	30150.50654
714	30150.38374
715	30149.99298
716	30148.95643
717	30147.83432
718	30147.74484
719	30147.15487
720	30146.09016
721	30145.41626
722	30144.54209
723	30143.87896
724	30143.37373
725	30142.92712
726	30142.09936
727	30141.60474
728	30141.48774
729	30140.47407
730	30140.17988
731	30139.72772
732	30139.25614
733	30137.52735734	30136.62573735	30136.390773736	30135.745573737	30135.060173738	30134.52474739	30133.96574740	30133.264074741	30132.110774742	30131.692574743	30131.06344
744	30130.770474745	30130.481374746	30130.093274747	30130.02776
748	30129.942775749	30129.098875750	30128.78791
751	30128.34816
752	30128.09756
753	30127.21269
754	30126.14102
755	30124.28084
756	30123.63836
757	30123.16143
758	30122.7961
759	30122.56677
760	30122.52414
761	30121.85799
762	30121.36067
763	30120.79667
764	30119.86172
765	30118.52419
766	30117.7686
767	30117.49103
768	30116.78455
769	30116.14876
770	30115.15046
771	30113.95649
772	30113.93534
773	30113.25107
774	30112.58342
775	30112.03147
776	30111.11322
777	30110.25296
778	30109.88349
779	30109.25819
780	30108.91554
781	30107.93483
782	30107.83056
783	30107.61808
784	30107.56045
785	30107.17593
786	30106.68825
787	30105.98519
788	30105.42935
789	30105.19663
790	30104.83623
791	30104.01566
792	30103.34821
793	30102.42229
794	30102.23342
795	30102.025
796	30101.28395
797	30099.74613
798	30099.60023
799	30099.5645
800	30098.62481
801	30098.2497
802	30098.15891
803	30098.07698
804	30097.61484
805	30096.84543
806	30096.51008
807	30096.28119
808	30095.13204
809	30094.74275
810	30094.46391
811	30093.69657
812	30093.1609
813	30092.73002
814	30092.36424
815	30091.70307
816	30091.10411
817	30090.66668
818	30090.46277
819	30090.42341
820	30090.11005
821	30089.59831
822	30088.96054
823	30088.1471
824	30087.77881
825	30087.33793
826	30087.24433
827	30086.61173
828	30085.92341
829	30085.53605
830	30085.5006
831	30085.35853
832	30084.39575
833	30083.97837
834	30083.69468
835	30082.76426
836	30081.94813
837	30081.29885
838	30080.76365
839	30079.76329
840	30079.3297
841	30078.86832
842	30078.5266
843	30078.4068
844	30077.50944
845	30077.13062
846	30076.2984
847	30076.00347
848	30075.08066
849	30074.77939
850	30074.46921
851	30073.7451
852	30073.62057
853	30073.05778
854	30072.56404
855	30072.54028
856	30071.8614
857	30070.68508
858	30070.36573
859	30069.82554
860	30069.22842
861	30068.87385
862	30068.5938
863	30068.37636
864	30067.9297
865	30067.35828
866	30066.57487
867	30066.30693
868	30066.04706
869	30065.57201
870	30065.3816
871	30064.83502
872	30063.91332
873	30063.75383
874	30063.07632
875	30062.65388
876	30061.86664
877	30060.81581
878	30060.29711
879	30059.78397
880	30059.51626
881	30059.47057
882	30058.90973
883	30058.81292
884	30058.23906
885	30058.19389
886	30057.5504
887	30057.19761
888	30056.93943
889	30056.20848
890	30055.48618
891	30055.42482
892	30054.80281
893	30054.00484
894	30053.65235
895	30052.84902
896	30051.93885
897	30051.60962
898	30049.96969
899	30049.7184
900	30049.05386
901	30048.56658
902	30048.20772
903	30047.40633
904	30046.62709
905	30046.52746
906	30046.48288
907	30046.25802
908	30045.51363
909	30045.38907
910	30044.64273
911	30044.16944
912	30043.83339
913	30042.96442
914	30042.44971
915	30042.06325
916	30041.76135
917	30041.33452
918	30040.97615
919	30040.90029
920	30040.80947
921	30039.66424
922	30039.44462
923	30038.50055
924	30037.57537
925	30037.47874
926	30037.25324
927	30037.12906
928	30036.39487
929	30035.9189
930	30035.77053
931	30034.87468
932	30034.15834
933	30033.29003
934	30032.8301
935	30032.81384
936	30032.47511
937	30032.01848
938	30031.41447
939	30030.97973
940	30030.94316
941	30030.27216
942	30029.71448
943	30028.48773
944	30028.45015
945	30027.72245
946	30027.64844
947	30027.27265
948	30027.09462
949	30026.65835
950	30025.30536
951	30023.98125
952	30023.43368
953	30022.99484
954	30022.04644
955	30021.77753
956	30021.08101
957	30020.83724
958	30020.38629
959	30019.5311
960	30018.91327
961	30018.54715
962	30018.19969
963	30017.92518
964	30017.77281
965	30017.37695
966	30016.68049
967	30016.50257
968	30016.05289
969	30015.97088
970	30015.40006
971	30015.11735
972	30015.08804
973	30014.97244
974	30014.43206
975	30014.07468
976	30013.4882
977	30013.29644
978	30012.88732
979	30011.53403
980	30010.84371
981	30010.69057
982	30010.23805
983	30009.75899
984	30009.65739
985	30009.38483
986	30008.75079
987	30008.16849
988	30007.40691
989	30006.47883
990	30006.004
991	30005.35372
992	30005.24044
993	30004.70222
994	30004.61212
995	30004.44445
996	30003.93084
997	30003.21597
998	30002.94031
999	30002.1739
3
